,,,,,,,,,,,,,,,,,,,,,,,,,,
 Date 5/23/2025  Time 12:36:53PM,,,,,,,,,,,,,,,,,,,,,,,,,,Page  1
,,,,,,,,Supplement King,,,,,,,,,,,,,,,,,,
,,,,,,,,Merchandise Analysis by Item number,,,,,,,,,,,,,,,,,,
,,,,,,,,(Custom),,,,,,,,,,,,,,,,,,
Analyze by: Item,,,,,,,,,,,,,,,,,,,,,,,,,,
Print: All ,,,,,,,,,,,,,,,,,,,,,,,,,,
Ranked by: Qty sold (shaded),,,,,,,,,,,,,,,,,,,,,,,,,,
Group by: Vendor/Category,,,,,,,,,,,,,,,,,,,,,,,,,,
Print: All  in each group,,,,,,,,,,,,,,,,,,,,,,,,,,
Order by: Group description,,,,,,,,,,,,,,,,,,,,,,,,,,
Report period: 4/8/2025 to 5/22/2025 (45 days),,,,,,,,,,,,,,,,,,,,,,,,,,
Locations: All,,,,,,,,,,,,,,,,,,,,,,,,,,
Show location detail,,,,,,,,,,,,,,,,,,,,,,,,,,
'*' by Item number indicates the group includes miscellaneous items; values may not 'add across' the report,,,,,,,,,,,,,,,,,,,,,,,,,,
"Item: Primary vendor between JS-WG-V0000011 and JS-WG-V0000011 and
Status is (exactly) Active ",,,,,,,,,,,,,,,,,,,,,,,,,,
,,,,,,,,,,,,,,,,,,,,,,,,,,
,,,,,,,,,,,,,,,,,,,,,,,,,,
,,,,,,,,,,,,,,,,,,,,,,,,,,
Vendor/Category,,,,,,,,,,,,,,,,,,,,,,,,,,
,,,,,,,,,,,,,,,,,,,,,,,,,,
Rank,,,,,Item number,,,,Description,,,,,,,,,Location,,,Qty sld,,,,Qty on hnd,
,,,,,,,,,,,,,,,,,,,,,,,,,,
,,,,,,,,,,,,,,,,,,,,,,,,,,
JS-WG-V0000011/BCAAS,,,,,,,,,,,,,,,,,,,,,,,,,,
,,,,,,,,,,,,,,,,,,,,,,,,,,
24,,,,,BA-111,,,,Ballistic Amino Reload 30s OP,,,,,,,,,AB-CL,,,1,,,,0,
,,,,,,,,,,,,,,,,,,,,,,,,,,
,,,,,,,,,,,,,,,,,,AB-CLP,,,0,,,,0,
,,,,,,,,,,,,,,,,,,,,,,,,,,
,,,,,,,,,,,,,,,,,,AB-EA,,,0,,,,2,
,,,,,,,,,,,,,,,,,,,,,,,,,,
,,,,,,,,,,,,,,,,,,AB-EB,,,0,,,,2,
,,,,,,,,,,,,,,,,,,,,,,,,,,
,,,,,,,,,,,,,,,,,,AB-EC,,,0,,,,0,
,,,,,,,,,,,,,,,,,,,,,,,,,,
,,,,,,,,,,,,,,,,,,AB-ED,,,0,,,,1,
,,,,,,,,,,,,,,,,,,,,,,,,,,
,,,,,,,,,,,,,,,,,,AB-ET,,,0,,,,2,
,,,,,,,,,,,,,,,,,,,,,,,,,,
,,,,,,,,,,,,,,,,,,AB-EW,,,0,,,,2,
,,,,,,,,,,,,,,,,,,,,,,,,,,
,,,,,,,,,,,,,,,,,,AB-FS,,,0,,,,1,
,,,,,,,,,,,,,,,,,,,,,,,,,,
,,,,,,,,,,,,,,,,,,AB-HP,,,0,,,,0,
,,,,,,,,,,,,,,,,,,,,,,,,,,
,,,,,,,,,,,,,,,,,,AB-SA,,,0,,,,2,
,,,,,,,,,,,,,,,,,,,,,,,,,,
,,,,,,,,,,,,,,,,,,AB-SG,,,0,,,,2,
,,,,,,,,,,,,,,,,,,,,,,,,,,
,,,,,,,,,,,,,,,,,,AB-SP,,,0,,,,2,
,,,,,,,,,,,,,,,,,,,,,,,,,,
,,,,,BA-111 totals,,,,,,,,,,,,,,,,1,,,,16,
,,,,,,,,,,,,,,,,,,,,,,,,,,
,,,,,,,,,,,,,,,,,,,,,,,,,,
22,,,,,BA-112,,,,Ballistic Amino Reload 30s PC,,,,,,,,,AB-CL,,,0,,,,0,
,,,,,,,,,,,,,,,,,,,,,,,,,,
,,,,,,,,,,,,,,,,,,AB-CLP,,,1,,,,0,
,,,,,,,,,,,,,,,,,,,,,,,,,,
,,,,,,,,,,,,,,,,,,AB-EA,,,0,,,,1,
,,,,,,,,,,,,,,,,,,,,,,,,,,
,,,,,,,,,,,,,,,,,,AB-EB,,,0,,,,2,
,,,,,,,,,,,,,,,,,,,,,,,,,,
,,,,,,,,,,,,,,,,,,AB-EC,,,0,,,,0,
,,,,,,,,,,,,,,,,,,,,,,,,,,
,,,,,,,,,,,,,,,,,,AB-ED,,,0,,,,1,
,,,,,,,,,,,,,,,,,,,,,,,,,,
,,,,,,,,,,,,,,,,,,AB-ET,,,0,,,,1,
,,,,,,,,,,,,,,,,,,,,,,,,,,
,,,,,,,,,,,,,,,,,,AB-EW,,,0,,,,1,
,,,,,,,,,,,,,,,,,,,,,,,,,,
,,,,,,,,,,,,,,,,,,AB-FS,,,0,,,,2,
,,,,,,,,,,,,,,,,,,,,,,,,,,
,,,,,,,,,,,,,,,,,,AB-HP,,,0,,,,0,
,,,,,,,,,,,,,,,,,,,,,,,,,,
,,,,,,,,,,,,,,,,,,AB-SA,,,0,,,,2,
,,,,,,,,,,,,,,,,,,,,,,,,,,
,,,,,,,,,,,,,,,,,,AB-SG,,,1,,,,0,
,,,,,,,,,,,,,,,,,,,,,,,,,,
,,,,,,,,,,,,,,,,,,AB-SP,,,0,,,,2,
,,,,,,,,,,,,,,,,,,,,,,,,,,
,,,,,BA-112 totals,,,,,,,,,,,,,,,,2,,,,12,
,,,,,,,,,,,,,,,,,,,,,,,,,,
,,,,,,,,,,,,,,,,,,,,,,,,,,
20,,,,,BA-110,,,,Ballistic Amino Reload 30s PM,,,,,,,,,AB-CL,,,0,,,,1,
,,,,,,,,,,,,,,,,,,,,,,,,,,
,,,,,,,,,,,,,,,,,,AB-CLP,,,0,,,,0,
,,,,,,,,,,,,,,,,,,,,,,,,,,
,,,,,,,,,,,,,,,,,,AB-EA,,,1,,,,0,
,,,,,,,,,,,,,,,,,,,,,,,,,,
,,,,,,,,,,,,,,,,,,AB-EB,,,0,,,,2,
,,,,,,,,,,,,,,,,,,,,,,,,,,
,,,,,,,,,,,,,,,,,,AB-EC,,,0,,,,0,
,,,,,,,,,,,,,,,,,,,,,,,,,,
,,,,,,,,,,,,,,,,,,AB-ED,,,0,,,,2,
,,,,,,,,,,,,,,,,,,,,,,,,,,
,,,,,,,,,,,,,,,,,,AB-ET,,,0,,,,2,
,,,,,,,,,,,,,,,,,,,,,,,,,,
,,,,,,,,,,,,,,,,,,AB-EW,,,1,,,,0,
,,,,,,,,,,,,,,,,,,,,,,,,,,
,,,,,,,,,,,,,,,,,,AB-FS,,,0,,,,2,
,,,,,,,,,,,,,,,,,,,,,,,,,,
,,,,,,,,,,,,,,,,,,AB-HP,,,0,,,,0,
,,,,,,,,,,,,,,,,,,,,,,,,,,
,,,,,,,,,,,,,,,,,,AB-SA,,,1,,,,0,
,,,,,,,,,,,,,,,,,,,,,,,,,,
,,,,,,,,,,,,,,,,,,AB-SG,,,0,,,,1,
,,,,,,,,,,,,,,,,,,,,,,,,,,
,,,,,,,,,,,,,,,,,,AB-SP,,,0,,,,2,
,,,,,,,,,,,,,,,,,,,,,,,,,,
,,,,,BA-110 totals,,,,,,,,,,,,,,,,3,,,,12,
,,,,,,,,,,,,,,,,,,,,,,,,,,
,,,,,,,,,,,,,,,,,,,,,,,,,,
23,,,,,BA-113,,,,Ballistic Amino Reload 30s WM,,,,,,,,,AB-CL,,,0,,,,1,
,,,,,,,,,,,,,,,,,,,,,,,,,,
,,,,,,,,,,,,,,,,,,AB-CLP,,,0,,,,0,
,,,,,,,,,,,,,,,,,,,,,,,,,,
,,,,,,,,,,,,,,,,,,AB-EA,,,0,,,,2,
,,,,,,,,,,,,,,,,,,,,,,,,,,
,,,,,,,,,,,,,,,,,,AB-EB,,,0,,,,2,
23,,,,,,,,,,,,,,,,,,AB-EC,,,0,,,,0,
,,,,,,,,,,,,,,,,,,,,,,,,,,
,,,,,,,,,,,,,,,,,,AB-ED,,,0,,,,2,
,,,,,,,,,,,,,,,,,,,,,,,,,,
,,,,,,,,,,,,,,,,,,AB-ET,,,0,,,,2,
,,,,,,,,,,,,,,,,,,,,,,,,,,
,,,,,,,,,,,,,,,,,,AB-EW,,,0,,,,1,
,,,,,,,,,,,,,,,,,,,,,,,,,,
,,,,,,,,,,,,,,,,,,AB-FS,,,1,,,,1,
,,,,,,,,,,,,,,,,,,,,,,,,,,
,,,,,,,,,,,,,,,,,,AB-HP,,,0,,,,0,
,,,,,,,,,,,,,,,,,,,,,,,,,,
,,,,,,,,,,,,,,,,,,AB-SA,,,0,,,,2,
,,,,,,,,,,,,,,,,,,,,,,,,,,
,,,,,,,,,,,,,,,,,,AB-SG,,,0,,,,2,
,,,,,,,,,,,,,,,,,,,,,,,,,,
,,,,,,,,,,,,,,,,,,AB-SP,,,0,,,,2,
,,,,,,,,,,,,,,,,,,,,,,,,,,
,,,,,BA-113 totals,,,,,,,,,,,,,,,,1,,,,17,
,,,,,,,,,,,,,,,,,,,,,,,,,,
,,,,,,,,,,,,,,,,,,,,,,,,,,
17,,,,,BA-300,,,,Ballistic Supp HMB 3.0 120 Cap,,,,,,,,,AB-CL,,,0,,,,2,
,,,,,,,,,,,,,,,,,,,,,,,,,,
,,,,,,,,,,,,,,,,,,AB-CLP,,,0,,,,1,
,,,,,,,,,,,,,,,,,,,,,,,,,,
,,,,,,,,,,,,,,,,,,AB-EA,,,2,,,,0,
,,,,,,,,,,,,,,,,,,,,,,,,,,
,,,,,,,,,,,,,,,,,,AB-EB,,,1,,,,1,
,,,,,,,,,,,,,,,,,,,,,,,,,,
,,,,,,,,,,,,,,,,,,AB-EC,,,0,,,,0,
,,,,,,,,,,,,,,,,,,,,,,,,,,
,,,,,,,,,,,,,,,,,,AB-ED,,,1,,,,0,
,,,,,,,,,,,,,,,,,,,,,,,,,,
,,,,,,,,,,,,,,,,,,AB-ET,,,0,,,,3,
,,,,,,,,,,,,,,,,,,,,,,,,,,
,,,,,,,,,,,,,,,,,,AB-EW,,,0,,,,0,
,,,,,,,,,,,,,,,,,,,,,,,,,,
,,,,,,,,,,,,,,,,,,AB-HP,,,0,,,,2,
,,,,,,,,,,,,,,,,,,,,,,,,,,
,,,,,,,,,,,,,,,,,,AB-SA,,,1,,,,2,
,,,,,,,,,,,,,,,,,,,,,,,,,,
,,,,,,,,,,,,,,,,,,AB-SG,,,1,,,,1,
,,,,,,,,,,,,,,,,,,,,,,,,,,
,,,,,,,,,,,,,,,,,,AB-SP,,,1,,,,0,
,,,,,,,,,,,,,,,,,,,,,,,,,,
,,,,,,,,,,,,,,,,,,AB-TW,,,0,,,,1,
,,,,,,,,,,,,,,,,,,,,,,,,,,
,,,,,BA-300 totals,,,,,,,,,,,,,,,,7,,,,13,
,,,,,,,,,,,,,,,,,,,,,,,,,,
 JS-WG-V0000011/BCAAS totals,,,,,,,,,,,,,,,,,,,,,14,,,70,,
,,,,,,,,,,,,,,,,,,,,,,,,,,
JS-WG-V0000011/CREATINE,,,,,,,,,,,,,,,,,,,,,,,,,,
,,,,,,,,,,,,,,,,,,,,,,,,,,
6,,,,,BA-180,,,,Ballistic Supps CreatineHCL 20,,,,,,,,,AB-CL,,,0,,,,3,
,,,,,,,,,,,,,,,,,,,,,,,,,,
,,,,,,,,,,,,,,,,,,AB-CLP,,,1,,,,0,
,,,,,,,,,,,,,,,,,,,,,,,,,,
,,,,,,,,,,,,,,,,,,AB-EA,,,0,,,,3,
,,,,,,,,,,,,,,,,,,,,,,,,,,
,,,,,,,,,,,,,,,,,,AB-EB,,,5,,,,4,
,,,,,,,,,,,,,,,,,,,,,,,,,,
,,,,,,,,,,,,,,,,,,AB-EC,,,0,,,,5,
,,,,,,,,,,,,,,,,,,,,,,,,,,
,,,,,,,,,,,,,,,,,,AB-ED,,,0,,,,0,
,,,,,,,,,,,,,,,,,,,,,,,,,,
,,,,,,,,,,,,,,,,,,AB-ET,,,2,,,,0,
,,,,,,,,,,,,,,,,,,,,,,,,,,
,,,,,,,,,,,,,,,,,,AB-EW,,,0,,,,0,
,,,,,,,,,,,,,,,,,,,,,,,,,,
,,,,,,,,,,,,,,,,,,AB-FS,,,2,,,,3,
,,,,,,,,,,,,,,,,,,,,,,,,,,
,,,,,,,,,,,,,,,,,,AB-HP,,,2,,,,0,
,,,,,,,,,,,,,,,,,,,,,,,,,,
,,,,,,,,,,,,,,,,,,AB-SA,,,1,,,,3,
,,,,,,,,,,,,,,,,,,,,,,,,,,
,,,,,,,,,,,,,,,,,,AB-SG,,,2,,,,1,
,,,,,,,,,,,,,,,,,,,,,,,,,,
,,,,,,,,,,,,,,,,,,AB-SP,,,2,,,,1,
,,,,,,,,,,,,,,,,,,,,,,,,,,
,,,,,,,,,,,,,,,,,,AB-TW,,,1,,,,1,
,,,,,,,,,,,,,,,,,,,,,,,,,,
,,,,,BA-180 totals,,,,,,,,,,,,,,,,18,,,,24,
,,,,,,,,,,,,,,,,,,,,,,,,,,
,,,,,,,,,,,,,,,,,,,,,,,,,,
27,,,,,BA-185,,,,Ballistic Supps CreatineHCL120,,,,,,,,,AB-CL,,,0,,,,0,
,,,,,,,,,,,,,,,,,,,,,,,,,,
,,,,,,,,,,,,,,,,,,AB-CLP,,,0,,,,0,
,,,,,,,,,,,,,,,,,,,,,,,,,,
,,,,,,,,,,,,,,,,,,AB-EA,,,0,,,,0,
,,,,,,,,,,,,,,,,,,,,,,,,,,
,,,,,,,,,,,,,,,,,,AB-EC,,,0,,,,0,
,,,,,,,,,,,,,,,,,,,,,,,,,,
,,,,,,,,,,,,,,,,,,AB-ED,,,0,,,,0,
,,,,,,,,,,,,,,,,,,,,,,,,,,
,,,,,,,,,,,,,,,,,,AB-EW,,,0,,,,0,
,,,,,,,,,,,,,,,,,,,,,,,,,,
,,,,,,,,,,,,,,,,,,AB-HP,,,0,,,,0,
,,,,,,,,,,,,,,,,,,,,,,,,,,
,,,,,,,,,,,,,,,,,,AB-SA,,,-1,,,,1,
,,,,,,,,,,,,,,,,,,,,,,,,,,
,,,,,,,,,,,,,,,,,,AB-SG,,,0,,,,0,
,,,,,,,,,,,,,,,,,,,,,,,,,,
,,,,,,,,,,,,,,,,,,AB-SP,,,0,,,,0,
,,,,,,,,,,,,,,,,,,,,,,,,,,
,,,,,BA-185 totals,,,,,,,,,,,,,,,,-1,,,,1,
,,,,,,,,,,,,,,,,,,,,,,,,,,
 JS-WG-V0000011/CREATINE totals,,,,,,,,,,,,,,,,,,,,,17,,,25,,
,,,,,,,,,,,,,,,,,,,,,,,,,,
JS-WG-V0000011/FATBURNERB,,,,,,,,,,,,,,,,,,,,,,,,,,
,,,,,,,,,,,,,,,,,,,,,,,,,,
26,,,,,BA-501,,,,Ballistic Quick Prep 30s CCS,,,,,,,,,AB-CL,,,0,,,,0,
,,,,,,,,,,,,,,,,,,,,,,,,,,
,,,,,,,,,,,,,,,,,,AB-CLP,,,0,,,,0,
,,,,,,,,,,,,,,,,,,,,,,,,,,
,,,,,,,,,,,,,,,,,,AB-EC,,,0,,,,0,
26,,,,,,,,,,,,,,,,,,AB-HP,,,0,,,,0,
,,,,,,,,,,,,,,,,,,,,,,,,,,
,,,,,,,,,,,,,,,,,,AB-SG,,,0,,,,0,
,,,,,,,,,,,,,,,,,,,,,,,,,,
,,,,,BA-501 totals,,,,,,,,,,,,,,,,0,,,,0,
,,,,,,,,,,,,,,,,,,,,,,,,,,
,,,,,,,,,,,,,,,,,,,,,,,,,,
25,,,,,BA-500,,,,Ballistic Quick Prep 30s SC,,,,,,,,,AB-CL,,,0,,,,0,
,,,,,,,,,,,,,,,,,,,,,,,,,,
,,,,,,,,,,,,,,,,,,AB-CLP,,,0,,,,0,
,,,,,,,,,,,,,,,,,,,,,,,,,,
,,,,,,,,,,,,,,,,,,AB-EC,,,0,,,,0,
,,,,,,,,,,,,,,,,,,,,,,,,,,
,,,,,,,,,,,,,,,,,,AB-HP,,,0,,,,0,
,,,,,,,,,,,,,,,,,,,,,,,,,,
,,,,,,,,,,,,,,,,,,AB-SG,,,0,,,,0,
,,,,,,,,,,,,,,,,,,,,,,,,,,
,,,,,BA-500 totals,,,,,,,,,,,,,,,,0,,,,0,
,,,,,,,,,,,,,,,,,,,,,,,,,,
,,,,,,,,,,,,,,,,,,,,,,,,,,
5,,,,,BA-160,,,,Ballistic Supps Ammo + Night O,,,,,,,,,AB-CL,,,3,,,,0,
,,,,,,,,,,,,,,,,,,,,,,,,,,
,,,,,,,,,,,,,,,,,,AB-CLP,,,1,,,,3,
,,,,,,,,,,,,,,,,,,,,,,,,,,
,,,,,,,,,,,,,,,,,,AB-EA,,,1,,,,2,
,,,,,,,,,,,,,,,,,,,,,,,,,,
,,,,,,,,,,,,,,,,,,AB-EB,,,3,,,,0,
,,,,,,,,,,,,,,,,,,,,,,,,,,
,,,,,,,,,,,,,,,,,,AB-EC,,,0,,,,4,
,,,,,,,,,,,,,,,,,,,,,,,,,,
,,,,,,,,,,,,,,,,,,AB-ED,,,0,,,,0,
,,,,,,,,,,,,,,,,,,,,,,,,,,
,,,,,,,,,,,,,,,,,,AB-ET,,,3,,,,0,
,,,,,,,,,,,,,,,,,,,,,,,,,,
,,,,,,,,,,,,,,,,,,AB-EW,,,4,,,,2,
,,,,,,,,,,,,,,,,,,,,,,,,,,
,,,,,,,,,,,,,,,,,,AB-HP,,,0,,,,2,
,,,,,,,,,,,,,,,,,,,,,,,,,,
,,,,,,,,,,,,,,,,,,AB-SA,,,1,,,,0,
,,,,,,,,,,,,,,,,,,,,,,,,,,
,,,,,,,,,,,,,,,,,,AB-SG,,,3,,,,2,
,,,,,,,,,,,,,,,,,,,,,,,,,,
,,,,,,,,,,,,,,,,,,AB-SP,,,0,,,,0,
,,,,,,,,,,,,,,,,,,,,,,,,,,
,,,,,,,,,,,,,,,,,,AB-TW,,,0,,,,5,
,,,,,,,,,,,,,,,,,,,,,,,,,,
,,,,,BA-160 totals,,,,,,,,,,,,,,,,19,,,,20,
,,,,,,,,,,,,,,,,,,,,,,,,,,
,,,,,,,,,,,,,,,,,,,,,,,,,,
16,,,,,BA-151,,,,Ballistic Supps Ammo Burn 90,,,,,,,,,AB-CL,,,2,,,,0,
,,,,,,,,,,,,,,,,,,,,,,,,,,
,,,,,,,,,,,,,,,,,,AB-CLP,,,0,,,,1,
,,,,,,,,,,,,,,,,,,,,,,,,,,
,,,,,,,,,,,,,,,,,,AB-EA,,,0,,,,2,
,,,,,,,,,,,,,,,,,,,,,,,,,,
,,,,,,,,,,,,,,,,,,AB-EB,,,1,,,,1,
,,,,,,,,,,,,,,,,,,,,,,,,,,
,,,,,,,,,,,,,,,,,,AB-EC,,,0,,,,2,
,,,,,,,,,,,,,,,,,,,,,,,,,,
,,,,,,,,,,,,,,,,,,AB-ED,,,0,,,,0,
,,,,,,,,,,,,,,,,,,,,,,,,,,
,,,,,,,,,,,,,,,,,,AB-EW,,,0,,,,2,
,,,,,,,,,,,,,,,,,,,,,,,,,,
,,,,,,,,,,,,,,,,,,AB-HP,,,0,,,,2,
,,,,,,,,,,,,,,,,,,,,,,,,,,
,,,,,,,,,,,,,,,,,,AB-SA,,,2,,,,1,
,,,,,,,,,,,,,,,,,,,,,,,,,,
,,,,,,,,,,,,,,,,,,AB-SG,,,0,,,,3,
,,,,,,,,,,,,,,,,,,,,,,,,,,
,,,,,,,,,,,,,,,,,,AB-SP,,,2,,,,0,
,,,,,,,,,,,,,,,,,,,,,,,,,,
,,,,,,,,,,,,,,,,,,AB-TW,,,0,,,,2,
,,,,,,,,,,,,,,,,,,,,,,,,,,
,,,,,BA-151 totals,,,,,,,,,,,,,,,,7,,,,16,
,,,,,,,,,,,,,,,,,,,,,,,,,,
,,,,,,,,,,,,,,,,,,,,,,,,,,
9,,,,,BA-600,,,,Ballistic Supps Night Ops 125c,,,,,,,,,AB-CL,,,2,,,,1,
,,,,,,,,,,,,,,,,,,,,,,,,,,
,,,,,,,,,,,,,,,,,,AB-CLP,,,0,,,,2,
,,,,,,,,,,,,,,,,,,,,,,,,,,
,,,,,,,,,,,,,,,,,,AB-EA,,,0,,,,2,
,,,,,,,,,,,,,,,,,,,,,,,,,,
,,,,,,,,,,,,,,,,,,AB-EC,,,0,,,,0,
,,,,,,,,,,,,,,,,,,,,,,,,,,
,,,,,,,,,,,,,,,,,,AB-ED,,,1,,,,3,
,,,,,,,,,,,,,,,,,,,,,,,,,,
,,,,,,,,,,,,,,,,,,AB-ET,,,1,,,,3,
,,,,,,,,,,,,,,,,,,,,,,,,,,
,,,,,,,,,,,,,,,,,,AB-EW,,,0,,,,0,
,,,,,,,,,,,,,,,,,,,,,,,,,,
,,,,,,,,,,,,,,,,,,AB-HP,,,0,,,,2,
,,,,,,,,,,,,,,,,,,,,,,,,,,
,,,,,,,,,,,,,,,,,,AB-SA,,,4,,,,0,
,,,,,,,,,,,,,,,,,,,,,,,,,,
,,,,,,,,,,,,,,,,,,AB-SG,,,0,,,,4,
,,,,,,,,,,,,,,,,,,,,,,,,,,
,,,,,,,,,,,,,,,,,,AB-SP,,,3,,,,0,
,,,,,,,,,,,,,,,,,,,,,,,,,,
,,,,,,,,,,,,,,,,,,AB-TW,,,0,,,,3,
,,,,,,,,,,,,,,,,,,,,,,,,,,
,,,,,BA-600 totals,,,,,,,,,,,,,,,,11,,,,20,
,,,,,,,,,,,,,,,,,,,,,,,,,,
 JS-WG-V0000011/FATBURNERB totals,,,,,,,,,,,,,,,,,,,,,37,,,56,,
,,,,,,,,,,,,,,,,,,,,,,,,,,
JS-WG-V0000011/GENERALHEA,,,,,,,,,,,,,,,,,,,,,,,,,,
,,,,,,,,,,,,,,,,,,,,,,,,,,
2,,,,,BA-170,,,,Ballistic Supps Shroom Boom,,,,,,,,,AB-CL,,,5,,,,0,
,,,,,,,,,,,,,,,,,,,,,,,,,,
,,,,,,,,,,,,,,,,,,AB-CLP,,,2,,,,4,
,,,,,,,,,,,,,,,,,,,,,,,,,,
,,,,,,,,,,,,,,,,,,AB-EA,,,5,,,,7,
,,,,,,,,,,,,,,,,,,,,,,,,,,
,,,,,,,,,,,,,,,,,,AB-EB,,,9,,,,4,
,,,,,,,,,,,,,,,,,,,,,,,,,,
,,,,,,,,,,,,,,,,,,AB-EC,,,3,,,,6,
2,,,,,,,,,,,,,,,,,,AB-ED,,,0,,,,0,
,,,,,,,,,,,,,,,,,,,,,,,,,,
,,,,,,,,,,,,,,,,,,AB-EW,,,3,,,,7,
,,,,,,,,,,,,,,,,,,,,,,,,,,
,,,,,,,,,,,,,,,,,,AB-FS,,,10,,,,5,
,,,,,,,,,,,,,,,,,,,,,,,,,,
,,,,,,,,,,,,,,,,,,AB-HP,,,0,,,,3,
,,,,,,,,,,,,,,,,,,,,,,,,,,
,,,,,,,,,,,,,,,,,,AB-SA,,,4,,,,7,
,,,,,,,,,,,,,,,,,,,,,,,,,,
,,,,,,,,,,,,,,,,,,AB-SG,,,6,,,,4,
,,,,,,,,,,,,,,,,,,,,,,,,,,
,,,,,,,,,,,,,,,,,,AB-SP,,,7,,,,5,
,,,,,,,,,,,,,,,,,,,,,,,,,,
,,,,,,,,,,,,,,,,,,AB-TW,,,1,,,,2,
,,,,,,,,,,,,,,,,,,,,,,,,,,
,,,,,BA-170 totals,,,,,,,,,,,,,,,,55,,,,54,
,,,,,,,,,,,,,,,,,,,,,,,,,,
,,,,,,,,,,,,,,,,,,,,,,,,,,
4,,,,,BA-912,,,,Ballistic Supps Tongkat Ali 60,,,,,,,,,AB-CL,,,2,,,,0,
,,,,,,,,,,,,,,,,,,,,,,,,,,
,,,,,,,,,,,,,,,,,,AB-CLP,,,0,,,,0,
,,,,,,,,,,,,,,,,,,,,,,,,,,
,,,,,,,,,,,,,,,,,,AB-EA,,,0,,,,2,
,,,,,,,,,,,,,,,,,,,,,,,,,,
,,,,,,,,,,,,,,,,,,AB-EB,,,3,,,,3,
,,,,,,,,,,,,,,,,,,,,,,,,,,
,,,,,,,,,,,,,,,,,,AB-EC,,,1,,,,0,
,,,,,,,,,,,,,,,,,,,,,,,,,,
,,,,,,,,,,,,,,,,,,AB-ED,,,4,,,,2,
,,,,,,,,,,,,,,,,,,,,,,,,,,
,,,,,,,,,,,,,,,,,,AB-EW,,,1,,,,0,
,,,,,,,,,,,,,,,,,,,,,,,,,,
,,,,,,,,,,,,,,,,,,AB-FS,,,2,,,,3,
,,,,,,,,,,,,,,,,,,,,,,,,,,
,,,,,,,,,,,,,,,,,,AB-HP,,,4,,,,2,
,,,,,,,,,,,,,,,,,,,,,,,,,,
,,,,,,,,,,,,,,,,,,AB-SA,,,2,,,,1,
,,,,,,,,,,,,,,,,,,,,,,,,,,
,,,,,,,,,,,,,,,,,,AB-SG,,,1,,,,3,
,,,,,,,,,,,,,,,,,,,,,,,,,,
,,,,,,,,,,,,,,,,,,AB-SP,,,2,,,,1,
,,,,,,,,,,,,,,,,,,,,,,,,,,
,,,,,BA-912 totals,,,,,,,,,,,,,,,,22,,,,17,
,,,,,,,,,,,,,,,,,,,,,,,,,,
,,,,,,,,,,,,,,,,,,,,,,,,,,
1,,,,,BA-910,,,,Ballistic Supps TRT + DAA,,,,,,,,,AB-CL,,,9,,,,6,
,,,,,,,,,,,,,,,,,,,,,,,,,,
,,,,,,,,,,,,,,,,,,AB-CLP,,,7,,,,2,
,,,,,,,,,,,,,,,,,,,,,,,,,,
,,,,,,,,,,,,,,,,,,AB-EA,,,0,,,,0,
,,,,,,,,,,,,,,,,,,,,,,,,,,
,,,,,,,,,,,,,,,,,,AB-EB,,,8,,,,0,
,,,,,,,,,,,,,,,,,,,,,,,,,,
,,,,,,,,,,,,,,,,,,AB-EC,,,4,,,,9,
,,,,,,,,,,,,,,,,,,,,,,,,,,
,,,,,,,,,,,,,,,,,,AB-ED,,,8,,,,2,
,,,,,,,,,,,,,,,,,,,,,,,,,,
,,,,,,,,,,,,,,,,,,AB-ET,,,6,,,,7,
,,,,,,,,,,,,,,,,,,,,,,,,,,
,,,,,,,,,,,,,,,,,,AB-EW,,,2,,,,12,
,,,,,,,,,,,,,,,,,,,,,,,,,,
,,,,,,,,,,,,,,,,,,AB-FS,,,10,,,,0,
,,,,,,,,,,,,,,,,,,,,,,,,,,
,,,,,,,,,,,,,,,,,,AB-HP,,,3,,,,0,
,,,,,,,,,,,,,,,,,,,,,,,,,,
,,,,,,,,,,,,,,,,,,AB-SA,,,5,,,,1,
,,,,,,,,,,,,,,,,,,,,,,,,,,
,,,,,,,,,,,,,,,,,,AB-SG,,,3,,,,3,
,,,,,,,,,,,,,,,,,,,,,,,,,,
,,,,,,,,,,,,,,,,,,AB-SP,,,6,,,,10,
,,,,,,,,,,,,,,,,,,,,,,,,,,
,,,,,,,,,,,,,,,,,,AB-TW,,,1,,,,4,
,,,,,,,,,,,,,,,,,,,,,,,,,,
,,,,,BA-910 totals,,,,,,,,,,,,,,,,72,,,,56,
,,,,,,,,,,,,,,,,,,,,,,,,,,
,,,,,,,,,,,,,,,,,,,,,,,,,,
3,,,,,BA-900,,,,Ballistic Supps TRT 160 Caps,,,,,,,,,AB-CL,,,0,,,,0,
,,,,,,,,,,,,,,,,,,,,,,,,,,
,,,,,,,,,,,,,,,,,,AB-CLP,,,0,,,,0,
,,,,,,,,,,,,,,,,,,,,,,,,,,
,,,,,,,,,,,,,,,,,,AB-EA,,,1,,,,0,
,,,,,,,,,,,,,,,,,,,,,,,,,,
,,,,,,,,,,,,,,,,,,AB-EB,,,5,,,,1,
,,,,,,,,,,,,,,,,,,,,,,,,,,
,,,,,,,,,,,,,,,,,,AB-EC,,,1,,,,0,
,,,,,,,,,,,,,,,,,,,,,,,,,,
,,,,,,,,,,,,,,,,,,AB-ED,,,3,,,,0,
,,,,,,,,,,,,,,,,,,,,,,,,,,
,,,,,,,,,,,,,,,,,,AB-ET,,,3,,,,0,
,,,,,,,,,,,,,,,,,,,,,,,,,,
,,,,,,,,,,,,,,,,,,AB-EW,,,2,,,,2,
,,,,,,,,,,,,,,,,,,,,,,,,,,
,,,,,,,,,,,,,,,,,,AB-FS,,,1,,,,0,
,,,,,,,,,,,,,,,,,,,,,,,,,,
,,,,,,,,,,,,,,,,,,AB-HP,,,0,,,,0,
,,,,,,,,,,,,,,,,,,,,,,,,,,
,,,,,,,,,,,,,,,,,,AB-SA,,,3,,,,0,
,,,,,,,,,,,,,,,,,,,,,,,,,,
,,,,,,,,,,,,,,,,,,AB-SG,,,6,,,,0,
,,,,,,,,,,,,,,,,,,,,,,,,,,
,,,,,,,,,,,,,,,,,,AB-SP,,,0,,,,0,
,,,,,,,,,,,,,,,,,,,,,,,,,,
,,,,,,,,,,,,,,,,,,AB-TW,,,2,,,,0,
,,,,,,,,,,,,,,,,,,,,,,,,,,
,,,,,BA-900 totals,,,,,,,,,,,,,,,,27,,,,3,
,,,,,,,,,,,,,,,,,,,,,,,,,,
,,,,,,,,,,,,,,,,,,,,,,,,,,
12,,,,,BA-916,,,,Fortitude Health Berberine,,,,,,,,,AB-EA,,,0,,,,0,
,,,,,,,,,,,,,,,,,,,,,,,,,,
,,,,,,,,,,,,,,,,,,AB-EB,,,0,,,,2,
,,,,,,,,,,,,,,,,,,,,,,,,,,
,,,,,,,,,,,,,,,,,,AB-EC,,,2,,,,0,
,,,,,,,,,,,,,,,,,,,,,,,,,,
,,,,,,,,,,,,,,,,,,AB-ED,,,0,,,,2,
,,,,,,,,,,,,,,,,,,,,,,,,,,
,,,,,,,,,,,,,,,,,,AB-ET,,,2,,,,1,
12,,,,,,,,,,,,,,,,,,AB-EW,,,1,,,,3,
,,,,,,,,,,,,,,,,,,,,,,,,,,
,,,,,,,,,,,,,,,,,,AB-FS,,,1,,,,2,
,,,,,,,,,,,,,,,,,,,,,,,,,,
,,,,,,,,,,,,,,,,,,AB-SA,,,0,,,,1,
,,,,,,,,,,,,,,,,,,,,,,,,,,
,,,,,,,,,,,,,,,,,,AB-SG,,,2,,,,0,
,,,,,,,,,,,,,,,,,,,,,,,,,,
,,,,,,,,,,,,,,,,,,AB-TW,,,0,,,,1,
,,,,,,,,,,,,,,,,,,,,,,,,,,
,,,,,BA-916 totals,,,,,,,,,,,,,,,,8,,,,12,
,,,,,,,,,,,,,,,,,,,,,,,,,,
,,,,,,,,,,,,,,,,,,,,,,,,,,
10,,,,,BA-914,,,,Fortitude Health NMN 60 Capsul,,,,,,,,,AB-CL,,,2,,,,-1,
,,,,,,,,,,,,,,,,,,,,,,,,,,
,,,,,,,,,,,,,,,,,,AB-CLP,,,1,,,,0,
,,,,,,,,,,,,,,,,,,,,,,,,,,
,,,,,,,,,,,,,,,,,,AB-EA,,,0,,,,2,
,,,,,,,,,,,,,,,,,,,,,,,,,,
,,,,,,,,,,,,,,,,,,AB-ED,,,2,,,,0,
,,,,,,,,,,,,,,,,,,,,,,,,,,
,,,,,,,,,,,,,,,,,,AB-ET,,,1,,,,0,
,,,,,,,,,,,,,,,,,,,,,,,,,,
,,,,,,,,,,,,,,,,,,AB-EW,,,1,,,,4,
,,,,,,,,,,,,,,,,,,,,,,,,,,
,,,,,,,,,,,,,,,,,,AB-FS,,,0,,,,1,
,,,,,,,,,,,,,,,,,,,,,,,,,,
,,,,,,,,,,,,,,,,,,AB-HP,,,0,,,,2,
,,,,,,,,,,,,,,,,,,,,,,,,,,
,,,,,,,,,,,,,,,,,,AB-SA,,,1,,,,1,
,,,,,,,,,,,,,,,,,,,,,,,,,,
,,,,,,,,,,,,,,,,,,AB-SG,,,3,,,,0,
,,,,,,,,,,,,,,,,,,,,,,,,,,
,,,,,BA-914 totals,,,,,,,,,,,,,,,,11,,,,9,
,,,,,,,,,,,,,,,,,,,,,,,,,,
,,,,,,,,,,,,,,,,,,,,,,,,,,
13,,,,,BA-913,,,,Fortitude Health Primavie 60,,,,,,,,,AB-EA,,,0,,,,0,
,,,,,,,,,,,,,,,,,,,,,,,,,,
,,,,,,,,,,,,,,,,,,AB-EB,,,1,,,,0,
,,,,,,,,,,,,,,,,,,,,,,,,,,
,,,,,,,,,,,,,,,,,,AB-ED,,,0,,,,0,
,,,,,,,,,,,,,,,,,,,,,,,,,,
,,,,,,,,,,,,,,,,,,AB-ET,,,1,,,,0,
,,,,,,,,,,,,,,,,,,,,,,,,,,
,,,,,,,,,,,,,,,,,,AB-FS,,,1,,,,0,
,,,,,,,,,,,,,,,,,,,,,,,,,,
,,,,,,,,,,,,,,,,,,AB-HP,,,1,,,,0,
,,,,,,,,,,,,,,,,,,,,,,,,,,
,,,,,,,,,,,,,,,,,,AB-SA,,,1,,,,0,
,,,,,,,,,,,,,,,,,,,,,,,,,,
,,,,,,,,,,,,,,,,,,AB-SG,,,3,,,,0,
,,,,,,,,,,,,,,,,,,,,,,,,,,
,,,,,,,,,,,,,,,,,,AB-SP,,,0,,,,1,
,,,,,,,,,,,,,,,,,,,,,,,,,,
,,,,,BA-913 totals,,,,,,,,,,,,,,,,8,,,,1,
,,,,,,,,,,,,,,,,,,,,,,,,,,
,,,,,,,,,,,,,,,,,,,,,,,,,,
21,,,,,BA-917,,,,Fortitude Health Senses 120c,,,,,,,,,AB-CL,,,0,,,,1,
,,,,,,,,,,,,,,,,,,,,,,,,,,
,,,,,,,,,,,,,,,,,,AB-EA,,,0,,,,2,
,,,,,,,,,,,,,,,,,,,,,,,,,,
,,,,,,,,,,,,,,,,,,AB-ED,,,1,,,,0,
,,,,,,,,,,,,,,,,,,,,,,,,,,
,,,,,,,,,,,,,,,,,,AB-HP,,,1,,,,1,
,,,,,,,,,,,,,,,,,,,,,,,,,,
,,,,,,,,,,,,,,,,,,AB-SA,,,0,,,,3,
,,,,,,,,,,,,,,,,,,,,,,,,,,
,,,,,,,,,,,,,,,,,,AB-TW,,,1,,,,1,
,,,,,,,,,,,,,,,,,,,,,,,,,,
,,,,,BA-917 totals,,,,,,,,,,,,,,,,3,,,,8,
,,,,,,,,,,,,,,,,,,,,,,,,,,
,,,,,,,,,,,,,,,,,,,,,,,,,,
11,,,,,BA-915,,,,Fortitude Health TriCurcumin60,,,,,,,,,AB-CL,,,1,,,,1,
,,,,,,,,,,,,,,,,,,,,,,,,,,
,,,,,,,,,,,,,,,,,,AB-EA,,,0,,,,2,
,,,,,,,,,,,,,,,,,,,,,,,,,,
,,,,,,,,,,,,,,,,,,AB-EC,,,0,,,,1,
,,,,,,,,,,,,,,,,,,,,,,,,,,
,,,,,,,,,,,,,,,,,,AB-ED,,,1,,,,1,
,,,,,,,,,,,,,,,,,,,,,,,,,,
,,,,,,,,,,,,,,,,,,AB-ET,,,2,,,,0,
,,,,,,,,,,,,,,,,,,,,,,,,,,
,,,,,,,,,,,,,,,,,,AB-EW,,,0,,,,1,
,,,,,,,,,,,,,,,,,,,,,,,,,,
,,,,,,,,,,,,,,,,,,AB-FS,,,0,,,,1,
,,,,,,,,,,,,,,,,,,,,,,,,,,
,,,,,,,,,,,,,,,,,,AB-HP,,,0,,,,2,
,,,,,,,,,,,,,,,,,,,,,,,,,,
,,,,,,,,,,,,,,,,,,AB-SA,,,2,,,,1,
,,,,,,,,,,,,,,,,,,,,,,,,,,
,,,,,,,,,,,,,,,,,,AB-SG,,,1,,,,4,
,,,,,,,,,,,,,,,,,,,,,,,,,,
,,,,,,,,,,,,,,,,,,AB-SP,,,2,,,,0,
,,,,,,,,,,,,,,,,,,,,,,,,,,
,,,,,BA-915 totals,,,,,,,,,,,,,,,,9,,,,14,
,,,,,,,,,,,,,,,,,,,,,,,,,,
 JS-WG-V0000011/GENERALHEA totals,,,,,,,,,,,,,,,,,,,,,215,,,174,,
,,,,,,,,,,,,,,,,,,,,,,,,,,
JS-WG-V0000011/PRE WORKOU,,,,,,,,,,,,,,,,,,,,,,,,,,
,,,,,,,,,,,,,,,,,,,,,,,,,,
7,,,,,BA-130,,,,Ballistic Supps Big Boy 24s Bl,,,,,,,,,AB-CL,,,1,,,,0,
,,,,,,,,,,,,,,,,,,,,,,,,,,
,,,,,,,,,,,,,,,,,,AB-CLP,,,0,,,,0,
,,,,,,,,,,,,,,,,,,,,,,,,,,
,,,,,,,,,,,,,,,,,,AB-EA,,,0,,,,4,
,,,,,,,,,,,,,,,,,,,,,,,,,,
,,,,,,,,,,,,,,,,,,AB-EB,,,2,,,,0,
,,,,,,,,,,,,,,,,,,,,,,,,,,
,,,,,,,,,,,,,,,,,,AB-EC,,,1,,,,2,
,,,,,,,,,,,,,,,,,,,,,,,,,,
,,,,,,,,,,,,,,,,,,AB-ED,,,0,,,,1,
,,,,,,,,,,,,,,,,,,,,,,,,,,
,,,,,,,,,,,,,,,,,,AB-ET,,,2,,,,0,
,,,,,,,,,,,,,,,,,,,,,,,,,,
,,,,,,,,,,,,,,,,,,AB-EW,,,0,,,,1,
7,,,,,,,,,,,,,,,,,,AB-FS,,,2,,,,0,
,,,,,,,,,,,,,,,,,,,,,,,,,,
,,,,,,,,,,,,,,,,,,AB-HP,,,0,,,,2,
,,,,,,,,,,,,,,,,,,,,,,,,,,
,,,,,,,,,,,,,,,,,,AB-SA,,,1,,,,2,
,,,,,,,,,,,,,,,,,,,,,,,,,,
,,,,,,,,,,,,,,,,,,AB-SG,,,2,,,,0,
,,,,,,,,,,,,,,,,,,,,,,,,,,
,,,,,,,,,,,,,,,,,,AB-SP,,,0,,,,0,
,,,,,,,,,,,,,,,,,,,,,,,,,,
,,,,,,,,,,,,,,,,,,AB-TW,,,1,,,,1,
,,,,,,,,,,,,,,,,,,,,,,,,,,
,,,,,BA-130 totals,,,,,,,,,,,,,,,,12,,,,13,
,,,,,,,,,,,,,,,,,,,,,,,,,,
,,,,,,,,,,,,,,,,,,,,,,,,,,
14,,,,,BA-131,,,,Ballistic Supps Big Boy 24s CS,,,,,,,,,AB-CL,,,0,,,,0,
,,,,,,,,,,,,,,,,,,,,,,,,,,
,,,,,,,,,,,,,,,,,,AB-CLP,,,0,,,,0,
,,,,,,,,,,,,,,,,,,,,,,,,,,
,,,,,,,,,,,,,,,,,,AB-EA,,,1,,,,2,
,,,,,,,,,,,,,,,,,,,,,,,,,,
,,,,,,,,,,,,,,,,,,AB-EB,,,1,,,,0,
,,,,,,,,,,,,,,,,,,,,,,,,,,
,,,,,,,,,,,,,,,,,,AB-EC,,,0,,,,0,
,,,,,,,,,,,,,,,,,,,,,,,,,,
,,,,,,,,,,,,,,,,,,AB-ED,,,0,,,,3,
,,,,,,,,,,,,,,,,,,,,,,,,,,
,,,,,,,,,,,,,,,,,,AB-ET,,,2,,,,0,
,,,,,,,,,,,,,,,,,,,,,,,,,,
,,,,,,,,,,,,,,,,,,AB-EW,,,0,,,,0,
,,,,,,,,,,,,,,,,,,,,,,,,,,
,,,,,,,,,,,,,,,,,,AB-FS,,,2,,,,0,
,,,,,,,,,,,,,,,,,,,,,,,,,,
,,,,,,,,,,,,,,,,,,AB-HP,,,0,,,,2,
,,,,,,,,,,,,,,,,,,,,,,,,,,
,,,,,,,,,,,,,,,,,,AB-SA,,,1,,,,0,
,,,,,,,,,,,,,,,,,,,,,,,,,,
,,,,,,,,,,,,,,,,,,AB-SG,,,1,,,,0,
,,,,,,,,,,,,,,,,,,,,,,,,,,
,,,,,,,,,,,,,,,,,,AB-SP,,,0,,,,0,
,,,,,,,,,,,,,,,,,,,,,,,,,,
,,,,,BA-131 totals,,,,,,,,,,,,,,,,8,,,,7,
,,,,,,,,,,,,,,,,,,,,,,,,,,
,,,,,,,,,,,,,,,,,,,,,,,,,,
15,,,,,BA-133,,,,Ballistic Supps Big Boy 24s GR,,,,,,,,,AB-CL,,,1,,,,0,
,,,,,,,,,,,,,,,,,,,,,,,,,,
,,,,,,,,,,,,,,,,,,AB-CLP,,,0,,,,0,
,,,,,,,,,,,,,,,,,,,,,,,,,,
,,,,,,,,,,,,,,,,,,AB-EA,,,0,,,,4,
,,,,,,,,,,,,,,,,,,,,,,,,,,
,,,,,,,,,,,,,,,,,,AB-EB,,,3,,,,0,
,,,,,,,,,,,,,,,,,,,,,,,,,,
,,,,,,,,,,,,,,,,,,AB-EC,,,0,,,,3,
,,,,,,,,,,,,,,,,,,,,,,,,,,
,,,,,,,,,,,,,,,,,,AB-ED,,,0,,,,1,
,,,,,,,,,,,,,,,,,,,,,,,,,,
,,,,,,,,,,,,,,,,,,AB-EW,,,1,,,,2,
,,,,,,,,,,,,,,,,,,,,,,,,,,
,,,,,,,,,,,,,,,,,,AB-HP,,,0,,,,2,
,,,,,,,,,,,,,,,,,,,,,,,,,,
,,,,,,,,,,,,,,,,,,AB-SA,,,2,,,,0,
,,,,,,,,,,,,,,,,,,,,,,,,,,
,,,,,,,,,,,,,,,,,,AB-SG,,,0,,,,0,
,,,,,,,,,,,,,,,,,,,,,,,,,,
,,,,,,,,,,,,,,,,,,AB-SP,,,0,,,,0,
,,,,,,,,,,,,,,,,,,,,,,,,,,
,,,,,,,,,,,,,,,,,,AB-TW,,,0,,,,2,
,,,,,,,,,,,,,,,,,,,,,,,,,,
,,,,,BA-133 totals,,,,,,,,,,,,,,,,7,,,,14,
,,,,,,,,,,,,,,,,,,,,,,,,,,
,,,,,,,,,,,,,,,,,,,,,,,,,,
8,,,,,BA-132,,,,Ballistic Supps Big Boy 24s P,,,,,,,,,AB-CL,,,1,,,,0,
,,,,,,,,,,,,,,,,,,,,,,,,,,
,,,,,,,,,,,,,,,,,,AB-CLP,,,0,,,,0,
,,,,,,,,,,,,,,,,,,,,,,,,,,
,,,,,,,,,,,,,,,,,,AB-EA,,,0,,,,3,
,,,,,,,,,,,,,,,,,,,,,,,,,,
,,,,,,,,,,,,,,,,,,AB-EC,,,1,,,,0,
,,,,,,,,,,,,,,,,,,,,,,,,,,
,,,,,,,,,,,,,,,,,,AB-ED,,,0,,,,1,
,,,,,,,,,,,,,,,,,,,,,,,,,,
,,,,,,,,,,,,,,,,,,AB-EW,,,2,,,,2,
,,,,,,,,,,,,,,,,,,,,,,,,,,
,,,,,,,,,,,,,,,,,,AB-FS,,,5,,,,0,
,,,,,,,,,,,,,,,,,,,,,,,,,,
,,,,,,,,,,,,,,,,,,AB-HP,,,0,,,,2,
,,,,,,,,,,,,,,,,,,,,,,,,,,
,,,,,,,,,,,,,,,,,,AB-SG,,,1,,,,0,
,,,,,,,,,,,,,,,,,,,,,,,,,,
,,,,,,,,,,,,,,,,,,AB-SP,,,1,,,,0,
,,,,,,,,,,,,,,,,,,,,,,,,,,
,,,,,BA-132 totals,,,,,,,,,,,,,,,,11,,,,8,
,,,,,,,,,,,,,,,,,,,,,,,,,,
,,,,,,,,,,,,,,,,,,,,,,,,,,
19,,,,,BA-400,,,,Ballistic Trigger Point 20s FR,,,,,,,,,AB-CL,,,0,,,,0,
,,,,,,,,,,,,,,,,,,,,,,,,,,
,,,,,,,,,,,,,,,,,,AB-CLP,,,0,,,,0,
,,,,,,,,,,,,,,,,,,,,,,,,,,
,,,,,,,,,,,,,,,,,,AB-EA,,,0,,,,1,
,,,,,,,,,,,,,,,,,,,,,,,,,,
,,,,,,,,,,,,,,,,,,AB-EB,,,1,,,,3,
,,,,,,,,,,,,,,,,,,,,,,,,,,
,,,,,,,,,,,,,,,,,,AB-EC,,,0,,,,0,
,,,,,,,,,,,,,,,,,,,,,,,,,,
,,,,,,,,,,,,,,,,,,AB-ED,,,0,,,,0,
,,,,,,,,,,,,,,,,,,,,,,,,,,
,,,,,,,,,,,,,,,,,,AB-ET,,,0,,,,2,
,,,,,,,,,,,,,,,,,,,,,,,,,,
,,,,,,,,,,,,,,,,,,AB-EW,,,0,,,,2,
,,,,,,,,,,,,,,,,,,,,,,,,,,
,,,,,,,,,,,,,,,,,,AB-FS,,,1,,,,1,
,,,,,,,,,,,,,,,,,,,,,,,,,,
,,,,,,,,,,,,,,,,,,AB-HP,,,2,,,,1,
,,,,,,,,,,,,,,,,,,,,,,,,,,
,,,,,,,,,,,,,,,,,,AB-SA,,,1,,,,0,
,,,,,,,,,,,,,,,,,,,,,,,,,,
,,,,,,,,,,,,,,,,,,AB-SG,,,0,,,,0,
19,,,,,,,,,,,,,,,,,,AB-SP,,,0,,,,2,
,,,,,,,,,,,,,,,,,,,,,,,,,,
,,,,,,,,,,,,,,,,,,AB-TW,,,0,,,,2,
,,,,,,,,,,,,,,,,,,,,,,,,,,
,,,,,BA-400 totals,,,,,,,,,,,,,,,,5,,,,14,
,,,,,,,,,,,,,,,,,,,,,,,,,,
,,,,,,,,,,,,,,,,,,,,,,,,,,
18,,,,,BA-401,,,,Ballistic Trigger Point 20s MI,,,,,,,,,AB-CL,,,0,,,,0,
,,,,,,,,,,,,,,,,,,,,,,,,,,
,,,,,,,,,,,,,,,,,,AB-CLP,,,0,,,,0,
,,,,,,,,,,,,,,,,,,,,,,,,,,
,,,,,,,,,,,,,,,,,,AB-EA,,,1,,,,0,
,,,,,,,,,,,,,,,,,,,,,,,,,,
,,,,,,,,,,,,,,,,,,AB-EB,,,1,,,,0,
,,,,,,,,,,,,,,,,,,,,,,,,,,
,,,,,,,,,,,,,,,,,,AB-EC,,,1,,,,0,
,,,,,,,,,,,,,,,,,,,,,,,,,,
,,,,,,,,,,,,,,,,,,AB-ED,,,1,,,,1,
,,,,,,,,,,,,,,,,,,,,,,,,,,
,,,,,,,,,,,,,,,,,,AB-EW,,,0,,,,0,
,,,,,,,,,,,,,,,,,,,,,,,,,,
,,,,,,,,,,,,,,,,,,AB-FS,,,0,,,,1,
,,,,,,,,,,,,,,,,,,,,,,,,,,
,,,,,,,,,,,,,,,,,,AB-HP,,,1,,,,2,
,,,,,,,,,,,,,,,,,,,,,,,,,,
,,,,,,,,,,,,,,,,,,AB-SA,,,1,,,,0,
,,,,,,,,,,,,,,,,,,,,,,,,,,
,,,,,,,,,,,,,,,,,,AB-SG,,,0,,,,1,
,,,,,,,,,,,,,,,,,,,,,,,,,,
,,,,,,,,,,,,,,,,,,AB-SP,,,0,,,,1,
,,,,,,,,,,,,,,,,,,,,,,,,,,
,,,,,,,,,,,,,,,,,,AB-TW,,,0,,,,2,
,,,,,,,,,,,,,,,,,,,,,,,,,,
,,,,,BA-401 totals,,,,,,,,,,,,,,,,6,,,,8,
,,,,,,,,,,,,,,,,,,,,,,,,,,
 JS-WG-V0000011/PRE WORKOU totals,,,,,,,,,,,,,,,,,,,,,49,,,64,,
,,,,,,,,,,,,,,,,,,,,,,,,,,
,,,,,,,,,,,,,,,,Report totals,,,,,332,,,,389,
,,,,,,,,,,,,,,,,,,,,,,,,,,
,,,,,,,,,,,,,,,,,,,,,,,,,,
,,,,,,,,,,,,,,,,,,-- End of report --,,,,,,,,