item_number,description,vendor,retail_price,brand
1407,Animal Pak 44 Packs,NUTRITION EXCEL,76.99,ANIMAL
1422,HIM Party Smart Hangover Aid,PEAKPERFORM,3.99,HIMALAYA
1511,Animal Pump 30 Packs,NUTRITION EXCEL,94.99,ANIMAL
1698,ANS Fortitude 120 Caps,IMPERIAL,59.99,ANS
1789,Nuts 'N More Almond,NUTRITION EXCEL,26.99,NUTS N' MO
1792,Bell Plantation PB2 1lb,NUTRITION EXCEL,21.99,BELLPLANTA
1793,Bell Plantation PB2 1lb Choc,NUTRITION EXCEL,21.99,BELLPLANTA
1794,Mama T's Protein Cookie,MAMA T'S,4.49,MAMAT
AA-120,EFX Kre-Alkalyn 120 Caps,EMPIRE,39.99,EFX
AA-150,EFX Kre-Alkalyn 500g Cherry,EMPIRE,79.99,EFX
AA-151,EFX Kre-Alkalyn 500g Grape,EMPIRE,79.99,EFX
AA-152,EFX Kre-Alkalyn 500g Unflavour,EMPIRE,79.99,EFX
AA-192,EFX Kre-Alkalyn 192 Caps,EMPIRE,54.99,EFX
AA-300,"EFX Karbolyn 2,2lb Unflavoured",EMPIRE,44.99,EFX
AA-301,EFX Karbolyn 2.2lb Fruit Punch,EMPIRE,44.99,EFX
AA-304,EFX Karbolyn 2.2lb Cherry Lime,EMPIRE,44.99,EFX
AA-305,EFX Karbolyn 2.2lb Kiwi Straw,EMPIRE,44.99,EFX
AA-306,EFX Karbolyn 2.2lb BRazz Water,EMPIRE,44.99,EFX
AA-309,EFX Karbolyn 2.2lb PeachM,EMPIRE,44.99,EFX
AA-400,EFX Karbolyn 4.4lb Unflavoured,EMPIRE,74.99,EFX
AA-401,EFX Karbolyn 4.4lb Fruit Punch,EMPIRE,74.99,EFX
AA-404,EFX Karbolyn 4.4lb Cherry Lime,EMPIRE,74.99,EFX
AA-406,EFX Karbolyn 4.4lb BRazz Water,EMPIRE,74.99,EFX
AAP-030,EFX Kre-Alkyalyn 30 Caps,EMPIRE,14.99,EFX
AAP-101,EFX Kre-Alkalyn 200g Grape,EMPIRE,39.99,EFX
AAP-102,EFX Kre-Alkalyn 200g Unflavour,EMPIRE,39.99,EFX
AAP-103,EFX Kre-Alkalyn 200g Blue Fros,EMPIRE,39.99,EFX
AAP-104,EFX Kre-Alkalyn 200g Mango,EMPIRE,39.99,EFX
AAP-153,EFX Kre-Alkalyn 500g Blue Fros,EMPIRE,79.99,EFX
AAP-154,EFX Kre-Alkalyn 500g Mango,EMPIRE,79.99,EFX
AAP-155,EFX Kre-Alkalyn 500g Rainbow B,EMPIRE,79.99,EFX
AB-BC,Anabar WFP Bar Birthday Cake,NUTRITION EXCEL,4.99,ANABAR
AB-DBPB,Anabar WFP Bar DB PeanutButter,NUTRITION EXCEL,4.99,ANABAR
AB-FNB,Anabar WFP Bar MFNB,NUTRITION EXCEL,4.99,ANABAR
AB-FSC,Anabar WFP Bar Frosted Strawb,NUTRITION EXCEL,4.99,ANABAR
AB-TCW,Anabar WFP Bar Triple Chocolat,NUTRITION EXCEL,4.99,ANABAR
ABE107-TORG-300G,AN Shred-X 30s Tang Orange,PEAKPERFORM,39.99,AN
ABE107-TOS-300G,AN Shred-X 30s TOS,PEAKPERFORM,39.99,AN
ABE109-TORG-25SRV,AN Clear Whey 20s TO,PEAKPERFORM,64.99,AN
ABE109-TOS-25SRV,AN Clear Whey 20s TOS,PEAKPERFORM,64.99,AN
ABE110-TORG-30SRV,AN Essential Pre 30s TORG,PEAKPERFORM,39.99,AN
ABE110-TOS-30SRV,AN Essential Pre 30s TOS,PEAKPERFORM,39.99,AN
ABE182,AN Shred-X 30s Lemon IcedT,PEAKPERFORM,39.99,AN
ABE183,AN Shred-X 30s Sour Gummy,PEAKPERFORM,39.99,AN
ABE186,ABE Ultimate Pre 30s SourGummy,PEAKPERFORM,59.99,ABE
ABE187,ABE Ultimate Pre 30s Red Hawai,PEAKPERFORM,59.99,ABE
ABE190,ABE Ultimate Pre 30s Blue Razz,PEAKPERFORM,59.99,ABE
ABE211,ABE Ultimate Pre 30s BaddyBerr,PEAKPERFORM,59.99,ABE
ABE363,ABE Whey Iso 2lbs AirplaneCook,PEAKPERFORM,59.99,ABE
ABE364,ABE Whey Iso 2lbs BrownieBatte,PEAKPERFORM,59.99,ABE
ABE365,ABE Whey Iso 2lbs IceCreamSand,PEAKPERFORM,59.99,ABE
ABE366,ABE Whey Iso 2lbs PaddyCake,PEAKPERFORM,59.99,ABE
ABE392,ABE Whey Iso 2lbs Loopy Fruits,PEAKPERFORM,59.99,ABE
ABE706,AN Shred-X 30s 90 Capsules,PEAKPERFORM,39.99,AN
ACUTS,Animal Cuts 42 Packs,NUTRITION EXCEL,89.99,ANIMAL
AL0805,Alani Nu Pre 30s Rainbow Candy,PEAKPERFORM,54.99,ALANINU
AL0812,Alani Nu Pre 30s HawaiianSI,PEAKPERFORM,54.99,ALANINU
AL100-DRF-355ML,Alani Nu Energy 355ml DF,PEAKPERFORM,3.99,ALANINU
AL100-OKS-355ML,Alani Nu Energy 355ml OK,PEAKPERFORM,3.99,ALANINU
AL100-PSL-355ML,Alani Nu Energy 355ml PS,PEAKPERFORM,3.99,ALANINU
AL100-SSW-355ML,Alani Nu Energy 355ml SherSw,PEAKPERFORM,3.99,ALANINU
AL100-STSR-355ML,Alani Nu Energy 355ml SS,PEAKPERFORM,3.99,ALANINU
AL1013,Alani Nu Pre 30s Galaxy,PEAKPERFORM,54.99,ALANINU
AL1031,Alani Nu Pre 30s Breezeberry,PEAKPERFORM,54.99,ALANINU
AL1069,Alani Nu Balance 120 Caps,PEAKPERFORM,74.99,ALANINU
AL1135,Alani Nu Energy 355ml Cherry S,PEAKPERFORM,3.99,ALANINU
AL1136,Alani Nu Energy 355ml Cosmic,PEAKPERFORM,3.99,ALANINU
AL115-CHT-30SRV,Alani Nu Pre 30s CT,PEAKPERFORM,54.99,ALANINU
AL1153,Alani Nu Pre 30s Island Crush,PEAKPERFORM,54.99,ALANINU
AL119-CNC-355ML,Alani Nu Protein Shake CNC,PEAKPERFORM,4.49,ALANINU
AL119-FCR-355ML,Alani Nu Protein Shake FC,PEAKPERFORM,4.49,ALANINU
AL119-MUN-355ML,Alani Nu Protein Shake Mun,PEAKPERFORM,4.49,ALANINU
AL119-SSC-355ML,Alani Nu Protein Shake SSC,PEAKPERFORM,4.49,ALANINU
AL1244,Alani Nu Pre 30s Cosmic Stardu,PEAKPERFORM,54.99,ALANINU
AL1287,Alani Nu Pre 30s Sherbert Swir,PEAKPERFORM,54.99,ALANINU
AL1424,Alani Nu Energy 355ml Breezebe,PEAKPERFORM,3.99,ALANINU
AL1481,Alani Nu Pre 30s BlueSlush,PEAKPERFORM,54.99,ALANINU
AL1682,Alani Nu Pre 30s Juicy Peach,PEAKPERFORM,54.99,ALANINU
AL1729,Alani Nu Protein Bar PB & J,PEAKPERFORM,3.99,ALANINU
AL1730,Alani Nu Protein Bar Caramel C,PEAKPERFORM,3.99,ALANINU
AL1731,Alani Nu Protein Bar Rocky Roa,PEAKPERFORM,3.99,ALANINU
AL1807,Alani Nu Protein Bar Munchies,PEAKPERFORM,3.99,ALANINU
AL1867,Alani Nu Pre 30s Pink Slush,PEAKPERFORM,54.99,ALANINU
ALCT,Alani Nu Energy 355ml CherryT,PEAKPERFORM,3.99,ALANINU
ALHSI,Alani Nu Energy 355ml Hawaiian,PEAKPERFORM,3.99,ALANINU
ALJP,Alani Nu Energy 355ml Juicy Pe,PEAKPERFORM,3.99,ALANINU
AM1113B,Allmax Isoflex 2lb Banana,HBS DIST,64.99,ALLMAX
AM1113BC,Allmax Isoflex 2lb B Day Cake,HBS DIST,64.99,ALLMAX
AM1113BM,Allmax Isoflex 2lb Blueberry M,HBS DIST,64.99,ALLMAX
AM1113C,Allmax Isoflex 2lb Chocolate,HBS DIST,64.99,ALLMAX
AM1113CC,Allmax Isoflex 2lb Cookies & C,HBS DIST,64.99,ALLMAX
AM1113CM,Allmax Isoflex 2lb Choc Mint,HBS DIST,64.99,ALLMAX
AM1113LC,Allmax Isoflex 2lb LuckyJacked,HBS DIST,64.99,ALLMAX
AM1113MACH,Allmax Isoflex 2lb CaramelM,HBS DIST,64.99,ALLMAX
AM1113OR,Allmax Isoflex 2lb Orange,HBS DIST,64.99,ALLMAX
AM1113PB,Allmax Isoflex 2lb Choc PB,HBS DIST,64.99,ALLMAX
AM1113PC,Allmax Isoflex 2lb Pine Coco,HBS DIST,64.99,ALLMAX
AM1113SA,Allmax Isoflex 2lb Strawberry,HBS DIST,64.99,ALLMAX
AM1113V,Allmax Isoflex 2lb Vanilla,HBS DIST,64.99,ALLMAX
AM1115C,Allmax Isoflex 5lb Chocolate,HBS DIST,139.99,ALLMAX